comment_1,comment_2,comment_3,comment_4,comment_5,comment_t_1,truth_t_1,comment_t_2,truth_t_2,comment_t_3,truth_t_3
"As the saying goes, you can take the ape out of the jungle, but you can't take the jungle out of the ape.","When a woman says no, respect the answer but don't give up unless she says 'never'. If she says 'never' with a smirk, you still have a chance.","1/2 mexican, 1/2 White babies can often pass for White until they turn six or seven when the golden brown coating covers all.","Wow, you're a truly terrible person.","Women and cows deserve the same respect in this country!","Women and cows deserve the same respect in this country!",Inappropriate,"They talk and talk and talk but before they ever accomplish anything they always have one bad 'ni * * er moment' and end up getting locked up.",Inappropriate,"This is where we are at as a nation? All the hate should go towards the Government. They are the reason we are where we are at as a nation.",Appropriate
"This is where we are at as a nation? All the hate should go towards the Government. They are the reason we are where we are at as a nation.","Yep I totally agree, the minute the Jew press see's the Klan outfits, that's all they will talk about, and justify the white murders.","Let mother nature evolve these people naturally because no amount of money or aid is going to drag these 'things' into the civilized world where they serve absolutely no purpose.","Section 377 needs to be followed. It enforces the law and the constitution! We cannot let these criminals run free. Capture them and keep them in a jail cell. That's where those animals belong.","St. Patty's day weekend is like Christmas for black dudes who like white chicks. Happy holidays boys.","St. Patty's day weekend is like Christmas for black dudes who like white chicks. Happy holidays boys.",Appropriate,"They're trying to turn the Internet into a mirror version of television, in other words turn it into a wasteland of celebrity worship and wipe out all of it's potential as a medium for informing and educating.",Appropriate,"Why is it considered a hate crime when a white kills a black, but these ambushing police are not called a hate crime and not called terrorist attacks. What is going on, people?",Appropriate
"If I were to punch a white guy talking sh*t in a bar, same old. If I were to punch a black guy talking sh*t in a bar, it automatically considered a hate crime. Case closed.","a cop is armed to protect himself!!!!!","A woman's true place is in the care for her family and her husband. Keep them at home. That's the only way we can preserve our culture.","This is where we are at as a nation? All the hate should go towards the Government. They are the reason we are where we are at as a nation.","It appears that if you are white in South Africa and you are about to be arrested, your fate is far worse than death.","It appears that if you are white in South Africa and you are about to be arrested, your fate is far worse than death.",Appropriate,"When a woman says no, respect the answer but don't give up unless she says 'never'. If she says 'never' with a smirk, you still have a chance.",Inappropriate,"Section 377 needs to be followed. It enforces the law and the constitution! We cannot let these criminals run free. Capture them and keep them in a jail cell. That's where those animals belong.",Inappropriate
"It appears that if you are white in South Africa and you are about to be arrested, your fate is far worse than death.","You do not like the Jewish people because you ALL claims they are holding all the money. Sound familiar? Your left wing libtard family is the family of the KKK. You do not hate Jews? That’s funny. Gun control; even funnier. Good luck","Women and cows deserve the same respect in this country!","Wow, you're a truly terrible person.","This is where we are at as a nation? All the hate should go towards the Government. They are the reason we are where we are at as a nation.","This is where we are at as a nation? All the hate should go towards the Government. They are the reason we are where we are at as a nation.",Appropriate,"They talk and talk and talk but before they ever accomplish anything they always have one bad 'ni * * er moment' and end up getting locked up.",Inappropriate,"Perfect Obama's dad born in Africa, Mitt Romney's dad born in Mexico. Any pure breeds left?",Inappropriate
"We are being played by our government and their media. They are creating the racial tension that leads to these events. Divide and conquer - and we are failing for it.","Obama’s main goal as a black Muslim president was to recruit as many black people into the Muslim life style.... this will take years to undo unless we put a end to it.","Nothing about white genocide is acceptable especially the fact that the mainstream media essentially denies it exist in the first place.","a cop is armed to protect himself!!!!!","There's something so gross and such an assault on the senses as the sound of an European romance language coming from the mouths of savages ! . .","There's something so gross and such an assault on the senses as the sound of an European romance language coming from the mouths of savages ! . .",Inappropriate,"Oh shut u. Most of black culture is making thugs and criminals famous. Remember Freddie Gray?",Inappropriate,"So we have ox-driven ambulances in Zimbabwe and donkey powered police in South Africa ...",Inappropriate
"The number one problem in this country is the voters and their choices.","They're trying to turn the Internet into a mirror version of television, in other words turn it into a wasteland of celebrity worship and wipe out all of it's potential as a medium for informing and educating.","Section 377 needs to be followed. It enforces the law and the constitution! We cannot let these criminals run free. Capture them and keep them in a jail cell. That's where those animals belong.","It is always about divide and conquer. If you look at the Golden Dawn pictures they usually have women around there.","We are being played by our government and their media. They are creating the racial tension that leads to these events. Divide and conquer - and we are failing for it.","We are being played by our government and their media. They are creating the racial tension that leads to these events. Divide and conquer - and we are failing for it.",Appropriate,"All the jews I have ever known will do anything for money.",Appropriate,"Fifteen years on and they still blame white rule.",Inappropriate
"Wow, you're a truly terrible person.","I'm reporting here that I haven't seen or heard anything on talk radio or TV that even hints at Jewish supremacist ethnic cleansing of Whites from USA or Europe.","Let mother nature evolve these people naturally because no amount of money or aid is going to drag these 'things' into the civilized world where they serve absolutely no purpose.","There is no justification for killing as people indicate in this thread. The cops shot were innocent and shot just because they are cops. How many of the cops shot and killed might have already saved black lives?","St. Patty's day weekend is like Christmas for black dudes who like white chicks. Happy holidays boys.","St. Patty's day weekend is like Christmas for black dudes who like white chicks. Happy holidays boys.",Appropriate,"Why is it considered a hate crime when a white kills a black, but these ambushing police are not called a hate crime and not called terrorist attacks. What is going on, people?",Appropriate,"So we have ox-driven ambulances in Zimbabwe and donkey powered police in South Africa ...",Inappropriate
"There's something so gross and such an assault on the senses as the sound of an European romance language coming from the mouths of savages ! . .","You do not like the Jewish people because you ALL claims they are holding all the money. Sound familiar? Your left wing libtard family is the family of the KKK. You do not hate Jews? That’s funny. Gun control; even funnier. Good luck","#Antifa: Take note of how to protest with civility. This is why socialism (aka communism) will never win. It is inherently evil and unsustainable.","We are being played by our government and their media. They are creating the racial tension that leads to these events. Divide and conquer - and we are failing for it.","Their gods often had pale skin and blue eyes but I suppose literacy isn't valued highly by their cultural intelligencia.","Their gods often had pale skin and blue eyes but I suppose literacy isn't valued highly by their cultural intelligencia.",Inappropriate,"Oh shut u. Most of black culture is making thugs and criminals famous. Remember Freddie Gray?",Inappropriate,"White or not, if people respect the law most of this wouldn't be happening.",Appropriate
"a cop is armed to protect himself!!!!!","It is always about divide and conquer. If you look at the Golden Dawn pictures they usually have women around there.","If I had a wife I’d beat the hell out of her tonight lol, jk.","As the saying goes, you can take the ape out of the jungle, but you can't take the jungle out of the ape.","Why is it considered a hate crime when a white kills a black, but these ambushing police are not called a hate crime and not called terrorist attacks. What is going on, people?","Why is it considered a hate crime when a white kills a black, but these ambushing police are not called a hate crime and not called terrorist attacks. What is going on, people?",Appropriate,"Their gods often had pale skin and blue eyes but I suppose literacy isn't valued highly by their cultural intelligencia.",Inappropriate,"Obama’s main goal as a black Muslim president was to recruit as many black people into the Muslim life style.... this will take years to undo unless we put a end to it.",Inappropriate
"They're trying to turn the Internet into a mirror version of television, in other words turn it into a wasteland of celebrity worship and wipe out all of it's potential as a medium for informing and educating.","All the jews I have ever known will do anything for money.","Let mother nature evolve these people naturally because no amount of money or aid is going to drag these 'things' into the civilized world where they serve absolutely no purpose.","There is no justification for killing as people indicate in this thread. The cops shot were innocent and shot just because they are cops. How many of the cops shot and killed might have already saved black lives?","Great image of the Jew as a poisonous mushroom.","Great image of the Jew as a poisonous mushroom.",Inappropriate,"I see a nation where I can walk out my front door and not feel like a minority in my own country.",Inappropriate,"You do not like the Jewish people because you ALL claims they are holding all the money. Sound familiar? Your left wing libtard family is the family of the KKK. You do not hate Jews? That’s funny. Gun control; even funnier. Good luck",Inappropriate
"She is unattractive both inside and out. I fully understand why her former husband left her for a man.","It's not about our disagreements with #Conservatives. Its that Conservatives can't debate honestly, and they have no integrity. Whatever gets them thru today, is all that matters to them. They're fundamentally dishonest people.","Yep I totally agree, the minute the Jew press see's the Klan outfits, that's all they will talk about, and justify the white murders.","Obama’s main goal as a black Muslim president was to recruit as many black people into the Muslim life style.... this will take years to undo unless we put a end to it.","If I had a wife I’d beat the hell out of her tonight lol, jk.","If I had a wife I’d beat the hell out of her tonight lol, jk.",Inappropriate,"Great image of the Jew as a poisonous mushroom.",Inappropriate,"They're trying to turn the Internet into a mirror version of television, in other words turn it into a wasteland of celebrity worship and wipe out all of it's potential as a medium for informing and educating.",Appropriate
"I see a nation where I can walk out my front door and not feel like a minority in my own country.","St. Patty's day weekend is like Christmas for black dudes who like white chicks. Happy holidays boys.","Nothing about white genocide is acceptable especially the fact that the mainstream media essentially denies it exist in the first place.","Women and cows deserve the same respect in this country!","White or not, if people respect the law most of this wouldn't be happening.","White or not, if people respect the law most of this wouldn't be happening.",Appropriate,"We are being played by our government and their media. They are creating the racial tension that leads to these events. Divide and conquer - and we are failing for it.",Appropriate,"#Antifa: Take note of how to protest with civility. This is why socialism (aka communism) will never win. It is inherently evil and unsustainable.",Appropriate
"All the jews I have ever known will do anything for money.","Wow, you're a truly terrible person.","Great image of the Jew as a poisonous mushroom.","Racist a**hole","It's not about our disagreements with #Conservatives. Its that Conservatives can't debate honestly, and they have no integrity. Whatever gets them thru today, is all that matters to them. They're fundamentally dishonest people.","It's not about our disagreements with #Conservatives. Its that Conservatives can't debate honestly, and they have no integrity. Whatever gets them thru today, is all that matters to them. They're fundamentally dishonest people.",Appropriate,"a cop is armed to protect himself!!!!!",Appropriate,"Obama’s main goal as a black Muslim president was to recruit as many black people into the Muslim life style.... this will take years to undo unless we put a end to it.",Inappropriate
"I think it’s time stupid Liberals move out of the 1950s and stop calling people black. Let’s be Americans instead.","It appears that if you are white in South Africa and you are about to be arrested, your fate is far worse than death.","I hate to sound sexist, but women shouldn't talk sports on tv. They were not made for these types of jobs.","A woman's true place is in the care for her family and her husband. Keep them at home. That's the only way we can preserve our culture.","She is unattractive both inside and out. I fully understand why her former husband left her for a man.","She is unattractive both inside and out. I fully understand why her former husband left her for a man.",Appropriate,"It ain't right unless it's White.",Inappropriate,"Wow, you're a truly terrible person.",Appropriate
"Yep I totally agree, the minute the Jew press see's the Klan outfits, that's all they will talk about, and justify the white murders.","As the saying goes, you can take the ape out of the jungle, but you can't take the jungle out of the ape.","She is unattractive both inside and out. I fully understand why her former husband left her for a man.","Obama’s main goal as a black Muslim president was to recruit as many black people into the Muslim life style.... this will take years to undo unless we put a end to it.","The best way to reduce abortions is to provide real sex education in the schools, coupled wth real female-centric birth control for all women of child-bearing age, yes this means your teenaged daghters as well..","The best way to reduce abortions is to provide real sex education in the schools, coupled wth real female-centric birth control for all women of child-bearing age, yes this means your teenaged daghters as well..",Appropriate,"I hate to sound sexist, but women shouldn't talk sports on tv. They were not made for these types of jobs.",Inappropriate,"The filthy cop-hating racist thugs of Black LIES Matter have turned the deep South into a cesspool of black racial hatred. They refuse to acknowedge how far the South has progressed since the 1960s.",Inappropriate
"So we have ox-driven ambulances in Zimbabwe and donkey powered police in South Africa ...","I like to listen to this preacher, but why do black preachers always have to scream.","It is always about divide and conquer. If you look at the Golden Dawn pictures they usually have women around there.","St. Patty's day weekend is like Christmas for black dudes who like white chicks. Happy holidays boys.","There is no justification for killing as people indicate in this thread. The cops shot were innocent and shot just because they are cops. How many of the cops shot and killed might have already saved black lives?","There is no justification for killing as people indicate in this thread. The cops shot were innocent and shot just because they are cops. How many of the cops shot and killed might have already saved black lives?",Appropriate,"Nothing about white genocide is acceptable especially the fact that the mainstream media essentially denies it exist in the first place.",Appropriate,"Let mother nature evolve these people naturally because no amount of money or aid is going to drag these 'things' into the civilized world where they serve absolutely no purpose.",Inappropriate
"They're trying to turn the Internet into a mirror version of television, in other words turn it into a wasteland of celebrity worship and wipe out all of it's potential as a medium for informing and educating.","It is always about divide and conquer. If you look at the Golden Dawn pictures they usually have women around there.","We are being played by our government and their media. They are creating the racial tension that leads to these events. Divide and conquer - and we are failing for it.","I think it’s time stupid Liberals move out of the 1950s and stop calling people black. Let’s be Americans instead.","There is no justification for killing as people indicate in this thread. The cops shot were innocent and shot just because they are cops. How many of the cops shot and killed might have already saved black lives?","There is no justification for killing as people indicate in this thread. The cops shot were innocent and shot just because they are cops. How many of the cops shot and killed might have already saved black lives?",Appropriate,"St. Patty's day weekend is like Christmas for black dudes who like white chicks. Happy holidays boys.",Appropriate,"It appears that if you are white in South Africa and you are about to be arrested, your fate is far worse than death.",Appropriate
"There's something so gross and such an assault on the senses as the sound of an European romance language coming from the mouths of savages ! . .","Wow, you're a truly terrible person.","When a woman says no, respect the answer but don't give up unless she says 'never'. If she says 'never' with a smirk, you still have a chance.","A woman's true place is in the care for her family and her husband. Keep them at home. That's the only way we can preserve our culture.","a cop is armed to protect himself!!!!!","a cop is armed to protect himself!!!!!",Appropriate,"White or not, if people respect the law most of this wouldn't be happening.",Appropriate,"I'm reporting here that I haven't seen or heard anything on talk radio or TV that even hints at Jewish supremacist ethnic cleansing of Whites from USA or Europe.",Inappropriate
"1/2 mexican, 1/2 White babies can often pass for White until they turn six or seven when the golden brown coating covers all.","Nothing about white genocide is acceptable especially the fact that the mainstream media essentially denies it exist in the first place.","If I were to punch a white guy talking sh*t in a bar, same old. If I were to punch a black guy talking sh*t in a bar, it automatically considered a hate crime. Case closed.","They're trying to turn the Internet into a mirror version of television, in other words turn it into a wasteland of celebrity worship and wipe out all of it's potential as a medium for informing and educating.","I think it’s time stupid Liberals move out of the 1950s and stop calling people black. Let’s be Americans instead.","I think it’s time stupid Liberals move out of the 1950s and stop calling people black. Let’s be Americans instead.",Appropriate,"Racist a**hole",Inappropriate,"Fifteen years on and they still blame white rule.",Inappropriate
"Let mother nature evolve these people naturally because no amount of money or aid is going to drag these 'things' into the civilized world where they serve absolutely no purpose.","She is unattractive both inside and out. I fully understand why her former husband left her for a man.","Perfect Obama's dad born in Africa, Mitt Romney's dad born in Mexico. Any pure breeds left?","Section 377 needs to be followed. It enforces the law and the constitution! We cannot let these criminals run free. Capture them and keep them in a jail cell. That's where those animals belong.","St. Patty's day weekend is like Christmas for black dudes who like white chicks. Happy holidays boys.","St. Patty's day weekend is like Christmas for black dudes who like white chicks. Happy holidays boys.",Appropriate,"Their gods often had pale skin and blue eyes but I suppose literacy isn't valued highly by their cultural intelligencia.",Inappropriate,"This is where we are at as a nation? All the hate should go towards the Government. They are the reason we are where we are at as a nation.",Appropriate
"a cop is armed to protect himself!!!!!","If I had a wife I’d beat the hell out of her tonight lol, jk.","It's not about our disagreements with #Conservatives. Its that Conservatives can't debate honestly, and they have no integrity. Whatever gets them thru today, is all that matters to them. They're fundamentally dishonest people.","When a woman says no, respect the answer but don't give up unless she says 'never'. If she says 'never' with a smirk, you still have a chance.","If I were to punch a white guy talking sh*t in a bar, same old. If I were to punch a black guy talking sh*t in a bar, it automatically considered a hate crime. Case closed.","If I were to punch a white guy talking sh*t in a bar, same old. If I were to punch a black guy talking sh*t in a bar, it automatically considered a hate crime. Case closed.",Appropriate,"Oh shut u. Most of black culture is making thugs and criminals famous. Remember Freddie Gray?",Inappropriate,"Nothing about white genocide is acceptable especially the fact that the mainstream media essentially denies it exist in the first place.",Appropriate
"Nothing about white genocide is acceptable especially the fact that the mainstream media essentially denies it exist in the first place.","Wow, you're a truly terrible person.","I like to listen to this preacher, but why do black preachers always have to scream.","So we have ox-driven ambulances in Zimbabwe and donkey powered police in South Africa ...","They're trying to turn the Internet into a mirror version of television, in other words turn it into a wasteland of celebrity worship and wipe out all of it's potential as a medium for informing and educating.","They're trying to turn the Internet into a mirror version of television, in other words turn it into a wasteland of celebrity worship and wipe out all of it's potential as a medium for informing and educating.",Appropriate,"You do not like the Jewish people because you ALL claims they are holding all the money. Sound familiar? Your left wing libtard family is the family of the KKK. You do not hate Jews? That’s funny. Gun control; even funnier. Good luck",Inappropriate,"I think it’s time stupid Liberals move out of the 1950s and stop calling people black. Let’s be Americans instead.",Appropriate
"Let mother nature evolve these people naturally because no amount of money or aid is going to drag these 'things' into the civilized world where they serve absolutely no purpose.","Why is it considered a hate crime when a white kills a black, but these ambushing police are not called a hate crime and not called terrorist attacks. What is going on, people?","I see a nation where I can walk out my front door and not feel like a minority in my own country.","If I had a wife I’d beat the hell out of her tonight lol, jk.","There is no justification for killing as people indicate in this thread. The cops shot were innocent and shot just because they are cops. How many of the cops shot and killed might have already saved black lives?","There is no justification for killing as people indicate in this thread. The cops shot were innocent and shot just because they are cops. How many of the cops shot and killed might have already saved black lives?",Appropriate,"Oh shut u. Most of black culture is making thugs and criminals famous. Remember Freddie Gray?",Inappropriate,"She is unattractive both inside and out. I fully understand why her former husband left her for a man.",Appropriate
"She is unattractive both inside and out. I fully understand why her former husband left her for a man.","If I had a wife I’d beat the hell out of her tonight lol, jk.","There's something so gross and such an assault on the senses as the sound of an European romance language coming from the mouths of savages ! . .","#Antifa: Take note of how to protest with civility. This is why socialism (aka communism) will never win. It is inherently evil and unsustainable.","It appears that if you are white in South Africa and you are about to be arrested, your fate is far worse than death.","It appears that if you are white in South Africa and you are about to be arrested, your fate is far worse than death.",Appropriate,"Nothing about white genocide is acceptable especially the fact that the mainstream media essentially denies it exist in the first place.",Appropriate,"As the saying goes, you can take the ape out of the jungle, but you can't take the jungle out of the ape.",Inappropriate
"It ain't right unless it's White.","Their gods often had pale skin and blue eyes but I suppose literacy isn't valued highly by their cultural intelligencia.","Why is it considered a hate crime when a white kills a black, but these ambushing police are not called a hate crime and not called terrorist attacks. What is going on, people?","Yep I totally agree, the minute the Jew press see's the Klan outfits, that's all they will talk about, and justify the white murders.","As the saying goes, you can take the ape out of the jungle, but you can't take the jungle out of the ape.","As the saying goes, you can take the ape out of the jungle, but you can't take the jungle out of the ape.",Inappropriate,"This is where we are at as a nation? All the hate should go towards the Government. They are the reason we are where we are at as a nation.",Appropriate,"When a woman says no, respect the answer but don't give up unless she says 'never'. If she says 'never' with a smirk, you still have a chance.",Inappropriate
"Nothing about white genocide is acceptable especially the fact that the mainstream media essentially denies it exist in the first place.","White or not, if people respect the law most of this wouldn't be happening.","Great image of the Jew as a poisonous mushroom.","I think it’s time stupid Liberals move out of the 1950s and stop calling people black. Let’s be Americans instead.","As the saying goes, you can take the ape out of the jungle, but you can't take the jungle out of the ape.","As the saying goes, you can take the ape out of the jungle, but you can't take the jungle out of the ape.",Inappropriate,"It's not about our disagreements with #Conservatives. Its that Conservatives can't debate honestly, and they have no integrity. Whatever gets them thru today, is all that matters to them. They're fundamentally dishonest people.",Appropriate,"I like to listen to this preacher, but why do black preachers always have to scream.",Appropriate
"As the saying goes, you can take the ape out of the jungle, but you can't take the jungle out of the ape.","The best way to reduce abortions is to provide real sex education in the schools, coupled wth real female-centric birth control for all women of child-bearing age, yes this means your teenaged daghters as well..","I like to listen to this preacher, but why do black preachers always have to scream.","Obama’s main goal as a black Muslim president was to recruit as many black people into the Muslim life style.... this will take years to undo unless we put a end to it.","They're trying to turn the Internet into a mirror version of television, in other words turn it into a wasteland of celebrity worship and wipe out all of it's potential as a medium for informing and educating.","They're trying to turn the Internet into a mirror version of television, in other words turn it into a wasteland of celebrity worship and wipe out all of it's potential as a medium for informing and educating.",Appropriate,"It appears that if you are white in South Africa and you are about to be arrested, your fate is far worse than death.",Appropriate,"Yep I totally agree, the minute the Jew press see's the Klan outfits, that's all they will talk about, and justify the white murders.",Inappropriate
"I like to listen to this preacher, but why do black preachers always have to scream.","It's not about our disagreements with #Conservatives. Its that Conservatives can't debate honestly, and they have no integrity. Whatever gets them thru today, is all that matters to them. They're fundamentally dishonest people.","If I were to punch a white guy talking sh*t in a bar, same old. If I were to punch a black guy talking sh*t in a bar, it automatically considered a hate crime. Case closed.","I see a nation where I can walk out my front door and not feel like a minority in my own country.","It ain't right unless it's White.","It ain't right unless it's White.",Inappropriate,"The best way to reduce abortions is to provide real sex education in the schools, coupled wth real female-centric birth control for all women of child-bearing age, yes this means your teenaged daghters as well..",Appropriate,"St. Patty's day weekend is like Christmas for black dudes who like white chicks. Happy holidays boys.",Appropriate
"#Antifa: Take note of how to protest with civility. This is why socialism (aka communism) will never win. It is inherently evil and unsustainable.","We are being played by our government and their media. They are creating the racial tension that leads to these events. Divide and conquer - and we are failing for it.","She is unattractive both inside and out. I fully understand why her former husband left her for a man.","White or not, if people respect the law most of this wouldn't be happening.","Section 377 needs to be followed. It enforces the law and the constitution! We cannot let these criminals run free. Capture them and keep them in a jail cell. That's where those animals belong.","Section 377 needs to be followed. It enforces the law and the constitution! We cannot let these criminals run free. Capture them and keep them in a jail cell. That's where those animals belong.",Inappropriate,"This is where we are at as a nation? All the hate should go towards the Government. They are the reason we are where we are at as a nation.",Appropriate,"Fifteen years on and they still blame white rule.",Inappropriate
"Fifteen years on and they still blame white rule.","You do not like the Jewish people because you ALL claims they are holding all the money. Sound familiar? Your left wing libtard family is the family of the KKK. You do not hate Jews? That’s funny. Gun control; even funnier. Good luck","It is always about divide and conquer. If you look at the Golden Dawn pictures they usually have women around there.","Great image of the Jew as a poisonous mushroom.","It appears that if you are white in South Africa and you are about to be arrested, your fate is far worse than death.","It appears that if you are white in South Africa and you are about to be arrested, your fate is far worse than death.",Appropriate,"The filthy cop-hating racist thugs of Black LIES Matter have turned the deep South into a cesspool of black racial hatred. They refuse to acknowedge how far the South has progressed since the 1960s.",Inappropriate,"When a woman says no, respect the answer but don't give up unless she says 'never'. If she says 'never' with a smirk, you still have a chance.",Inappropriate
"a cop is armed to protect himself!!!!!","She is unattractive both inside and out. I fully understand why her former husband left her for a man.","Oh shut u. Most of black culture is making thugs and criminals famous. Remember Freddie Gray?","It ain't right unless it's White.","#Antifa: Take note of how to protest with civility. This is why socialism (aka communism) will never win. It is inherently evil and unsustainable.","#Antifa: Take note of how to protest with civility. This is why socialism (aka communism) will never win. It is inherently evil and unsustainable.",Appropriate,"St. Patty's day weekend is like Christmas for black dudes who like white chicks. Happy holidays boys.",Appropriate,"Great image of the Jew as a poisonous mushroom.",Inappropriate
"Racist a**hole","Fifteen years on and they still blame white rule.","The best way to reduce abortions is to provide real sex education in the schools, coupled wth real female-centric birth control for all women of child-bearing age, yes this means your teenaged daghters as well..","The filthy cop-hating racist thugs of Black LIES Matter have turned the deep South into a cesspool of black racial hatred. They refuse to acknowedge how far the South has progressed since the 1960s.","You do not like the Jewish people because you ALL claims they are holding all the money. Sound familiar? Your left wing libtard family is the family of the KKK. You do not hate Jews? That’s funny. Gun control; even funnier. Good luck","You do not like the Jewish people because you ALL claims they are holding all the money. Sound familiar? Your left wing libtard family is the family of the KKK. You do not hate Jews? That’s funny. Gun control; even funnier. Good luck",Inappropriate,"1/2 mexican, 1/2 White babies can often pass for White until they turn six or seven when the golden brown coating covers all.",Inappropriate,"They talk and talk and talk but before they ever accomplish anything they always have one bad 'ni * * er moment' and end up getting locked up.",Inappropriate
"They talk and talk and talk but before they ever accomplish anything they always have one bad 'ni * * er moment' and end up getting locked up.","Wow, you're a truly terrible person.","Racist a**hole","All the jews I have ever known will do anything for money.","Let mother nature evolve these people naturally because no amount of money or aid is going to drag these 'things' into the civilized world where they serve absolutely no purpose.","Let mother nature evolve these people naturally because no amount of money or aid is going to drag these 'things' into the civilized world where they serve absolutely no purpose.",Inappropriate,"A woman's true place is in the care for her family and her husband. Keep them at home. That's the only way we can preserve our culture.",Inappropriate,"I hate to sound sexist, but women shouldn't talk sports on tv. They were not made for these types of jobs.",Inappropriate
"It ain't right unless it's White.","Their gods often had pale skin and blue eyes but I suppose literacy isn't valued highly by their cultural intelligencia.","Obama’s main goal as a black Muslim president was to recruit as many black people into the Muslim life style.... this will take years to undo unless we put a end to it.","So we have ox-driven ambulances in Zimbabwe and donkey powered police in South Africa ...","Women and cows deserve the same respect in this country!","Women and cows deserve the same respect in this country!",Inappropriate,"All the jews I have ever known will do anything for money.",Appropriate,"If I were to punch a white guy talking sh*t in a bar, same old. If I were to punch a black guy talking sh*t in a bar, it automatically considered a hate crime. Case closed.",Appropriate
"1/2 mexican, 1/2 White babies can often pass for White until they turn six or seven when the golden brown coating covers all.","It's not about our disagreements with #Conservatives. Its that Conservatives can't debate honestly, and they have no integrity. Whatever gets them thru today, is all that matters to them. They're fundamentally dishonest people.","Women and cows deserve the same respect in this country!","She is unattractive both inside and out. I fully understand why her former husband left her for a man.","If I had a wife I’d beat the hell out of her tonight lol, jk.","If I had a wife I’d beat the hell out of her tonight lol, jk.",Inappropriate,"A woman's true place is in the care for her family and her husband. Keep them at home. That's the only way we can preserve our culture.",Inappropriate,"It is always about divide and conquer. If you look at the Golden Dawn pictures they usually have women around there.",Appropriate
"Their gods often had pale skin and blue eyes but I suppose literacy isn't valued highly by their cultural intelligencia.","Wow, you're a truly terrible person.","It appears that if you are white in South Africa and you are about to be arrested, your fate is far worse than death.","Yep I totally agree, the minute the Jew press see's the Klan outfits, that's all they will talk about, and justify the white murders.","White or not, if people respect the law most of this wouldn't be happening.","White or not, if people respect the law most of this wouldn't be happening.",Appropriate,"If I were to punch a white guy talking sh*t in a bar, same old. If I were to punch a black guy talking sh*t in a bar, it automatically considered a hate crime. Case closed.",Appropriate,"This is where we are at as a nation? All the hate should go towards the Government. They are the reason we are where we are at as a nation.",Appropriate
"So we have ox-driven ambulances in Zimbabwe and donkey powered police in South Africa ...","I see a nation where I can walk out my front door and not feel like a minority in my own country.","Women and cows deserve the same respect in this country!","There is no justification for killing as people indicate in this thread. The cops shot were innocent and shot just because they are cops. How many of the cops shot and killed might have already saved black lives?","Yep I totally agree, the minute the Jew press see's the Klan outfits, that's all they will talk about, and justify the white murders.","Yep I totally agree, the minute the Jew press see's the Klan outfits, that's all they will talk about, and justify the white murders.",Inappropriate,"Perfect Obama's dad born in Africa, Mitt Romney's dad born in Mexico. Any pure breeds left?",Inappropriate,"Nothing about white genocide is acceptable especially the fact that the mainstream media essentially denies it exist in the first place.",Appropriate
"Wow, you're a truly terrible person.","The best way to reduce abortions is to provide real sex education in the schools, coupled wth real female-centric birth control for all women of child-bearing age, yes this means your teenaged daghters as well..","1/2 mexican, 1/2 White babies can often pass for White until they turn six or seven when the golden brown coating covers all.","As the saying goes, you can take the ape out of the jungle, but you can't take the jungle out of the ape.","They talk and talk and talk but before they ever accomplish anything they always have one bad 'ni * * er moment' and end up getting locked up.","They talk and talk and talk but before they ever accomplish anything they always have one bad 'ni * * er moment' and end up getting locked up.",Inappropriate,"Oh shut u. Most of black culture is making thugs and criminals famous. Remember Freddie Gray?",Inappropriate,"This is where we are at as a nation? All the hate should go towards the Government. They are the reason we are where we are at as a nation.",Appropriate
"Women and cows deserve the same respect in this country!","I'm reporting here that I haven't seen or heard anything on talk radio or TV that even hints at Jewish supremacist ethnic cleansing of Whites from USA or Europe.","It appears that if you are white in South Africa and you are about to be arrested, your fate is far worse than death.","They talk and talk and talk but before they ever accomplish anything they always have one bad 'ni * * er moment' and end up getting locked up.","Nothing about white genocide is acceptable especially the fact that the mainstream media essentially denies it exist in the first place.","Nothing about white genocide is acceptable especially the fact that the mainstream media essentially denies it exist in the first place.",Appropriate,"As the saying goes, you can take the ape out of the jungle, but you can't take the jungle out of the ape.",Inappropriate,"So we have ox-driven ambulances in Zimbabwe and donkey powered police in South Africa ...",Inappropriate
"If I had a wife I’d beat the hell out of her tonight lol, jk.","It ain't right unless it's White.","Obama’s main goal as a black Muslim president was to recruit as many black people into the Muslim life style.... this will take years to undo unless we put a end to it.","Section 377 needs to be followed. It enforces the law and the constitution! We cannot let these criminals run free. Capture them and keep them in a jail cell. That's where those animals belong.","There is no justification for killing as people indicate in this thread. The cops shot were innocent and shot just because they are cops. How many of the cops shot and killed might have already saved black lives?","There is no justification for killing as people indicate in this thread. The cops shot were innocent and shot just because they are cops. How many of the cops shot and killed might have already saved black lives?",Appropriate,"Perfect Obama's dad born in Africa, Mitt Romney's dad born in Mexico. Any pure breeds left?",Inappropriate,"Wow, you're a truly terrible person.",Appropriate
"As the saying goes, you can take the ape out of the jungle, but you can't take the jungle out of the ape.","We are being played by our government and their media. They are creating the racial tension that leads to these events. Divide and conquer - and we are failing for it.","1/2 mexican, 1/2 White babies can often pass for White until they turn six or seven when the golden brown coating covers all.","So we have ox-driven ambulances in Zimbabwe and donkey powered police in South Africa ...","If I were to punch a white guy talking sh*t in a bar, same old. If I were to punch a black guy talking sh*t in a bar, it automatically considered a hate crime. Case closed.","If I were to punch a white guy talking sh*t in a bar, same old. If I were to punch a black guy talking sh*t in a bar, it automatically considered a hate crime. Case closed.",Appropriate,"She is unattractive both inside and out. I fully understand why her former husband left her for a man.",Appropriate,"Obama’s main goal as a black Muslim president was to recruit as many black people into the Muslim life style.... this will take years to undo unless we put a end to it.",Inappropriate
"It's not about our disagreements with #Conservatives. Its that Conservatives can't debate honestly, and they have no integrity. Whatever gets them thru today, is all that matters to them. They're fundamentally dishonest people.","Great image of the Jew as a poisonous mushroom.","I see a nation where I can walk out my front door and not feel like a minority in my own country.","I like to listen to this preacher, but why do black preachers always have to scream.","There's something so gross and such an assault on the senses as the sound of an European romance language coming from the mouths of savages ! . .","There's something so gross and such an assault on the senses as the sound of an European romance language coming from the mouths of savages ! . .",Inappropriate,"Yep I totally agree, the minute the Jew press see's the Klan outfits, that's all they will talk about, and justify the white murders.",Inappropriate,"Section 377 needs to be followed. It enforces the law and the constitution! We cannot let these criminals run free. Capture them and keep them in a jail cell. That's where those animals belong.",Inappropriate
"The best way to reduce abortions is to provide real sex education in the schools, coupled wth real female-centric birth control for all women of child-bearing age, yes this means your teenaged daghters as well..","All the jews I have ever known will do anything for money.","You do not like the Jewish people because you ALL claims they are holding all the money. Sound familiar? Your left wing libtard family is the family of the KKK. You do not hate Jews? That’s funny. Gun control; even funnier. Good luck","This is where we are at as a nation? All the hate should go towards the Government. They are the reason we are where we are at as a nation.","The number one problem in this country is the voters and their choices.","The number one problem in this country is the voters and their choices.",Appropriate,"I'm reporting here that I haven't seen or heard anything on talk radio or TV that even hints at Jewish supremacist ethnic cleansing of Whites from USA or Europe.",Inappropriate,"Nothing about white genocide is acceptable especially the fact that the mainstream media essentially denies it exist in the first place.",Appropriate
"Nothing about white genocide is acceptable especially the fact that the mainstream media essentially denies it exist in the first place.","Obama’s main goal as a black Muslim president was to recruit as many black people into the Muslim life style.... this will take years to undo unless we put a end to it.","It appears that if you are white in South Africa and you are about to be arrested, your fate is far worse than death.","Yep I totally agree, the minute the Jew press see's the Klan outfits, that's all they will talk about, and justify the white murders.","The filthy cop-hating racist thugs of Black LIES Matter have turned the deep South into a cesspool of black racial hatred. They refuse to acknowedge how far the South has progressed since the 1960s.","The filthy cop-hating racist thugs of Black LIES Matter have turned the deep South into a cesspool of black racial hatred. They refuse to acknowedge how far the South has progressed since the 1960s.",Inappropriate,"Perfect Obama's dad born in Africa, Mitt Romney's dad born in Mexico. Any pure breeds left?",Inappropriate,"I hate to sound sexist, but women shouldn't talk sports on tv. They were not made for these types of jobs.",Inappropriate
"Section 377 needs to be followed. It enforces the law and the constitution! We cannot let these criminals run free. Capture them and keep them in a jail cell. That's where those animals belong.","Perfect Obama's dad born in Africa, Mitt Romney's dad born in Mexico. Any pure breeds left?","I see a nation where I can walk out my front door and not feel like a minority in my own country.","Oh shut u. Most of black culture is making thugs and criminals famous. Remember Freddie Gray?","The number one problem in this country is the voters and their choices.","The number one problem in this country is the voters and their choices.",Appropriate,"They're trying to turn the Internet into a mirror version of television, in other words turn it into a wasteland of celebrity worship and wipe out all of it's potential as a medium for informing and educating.",Appropriate,"If I were to punch a white guy talking sh*t in a bar, same old. If I were to punch a black guy talking sh*t in a bar, it automatically considered a hate crime. Case closed.",Appropriate
"#Antifa: Take note of how to protest with civility. This is why socialism (aka communism) will never win. It is inherently evil and unsustainable.","All the jews I have ever known will do anything for money.","She is unattractive both inside and out. I fully understand why her former husband left her for a man.","Let mother nature evolve these people naturally because no amount of money or aid is going to drag these 'things' into the civilized world where they serve absolutely no purpose.","If I were to punch a white guy talking sh*t in a bar, same old. If I were to punch a black guy talking sh*t in a bar, it automatically considered a hate crime. Case closed.","If I were to punch a white guy talking sh*t in a bar, same old. If I were to punch a black guy talking sh*t in a bar, it automatically considered a hate crime. Case closed.",Appropriate,"There is no justification for killing as people indicate in this thread. The cops shot were innocent and shot just because they are cops. How many of the cops shot and killed might have already saved black lives?",Appropriate,"If I had a wife I’d beat the hell out of her tonight lol, jk.",Inappropriate
"A woman's true place is in the care for her family and her husband. Keep them at home. That's the only way we can preserve our culture.","They're trying to turn the Internet into a mirror version of television, in other words turn it into a wasteland of celebrity worship and wipe out all of it's potential as a medium for informing and educating.","White or not, if people respect the law most of this wouldn't be happening.","It's not about our disagreements with #Conservatives. Its that Conservatives can't debate honestly, and they have no integrity. Whatever gets them thru today, is all that matters to them. They're fundamentally dishonest people.","You do not like the Jewish people because you ALL claims they are holding all the money. Sound familiar? Your left wing libtard family is the family of the KKK. You do not hate Jews? That’s funny. Gun control; even funnier. Good luck","You do not like the Jewish people because you ALL claims they are holding all the money. Sound familiar? Your left wing libtard family is the family of the KKK. You do not hate Jews? That’s funny. Gun control; even funnier. Good luck",Inappropriate,"All the jews I have ever known will do anything for money.",Appropriate,"It is always about divide and conquer. If you look at the Golden Dawn pictures they usually have women around there.",Appropriate
"Section 377 needs to be followed. It enforces the law and the constitution! We cannot let these criminals run free. Capture them and keep them in a jail cell. That's where those animals belong.","We are being played by our government and their media. They are creating the racial tension that leads to these events. Divide and conquer - and we are failing for it.","It is always about divide and conquer. If you look at the Golden Dawn pictures they usually have women around there.","I see a nation where I can walk out my front door and not feel like a minority in my own country.","I like to listen to this preacher, but why do black preachers always have to scream.","I like to listen to this preacher, but why do black preachers always have to scream.",Appropriate,"You do not like the Jewish people because you ALL claims they are holding all the money. Sound familiar? Your left wing libtard family is the family of the KKK. You do not hate Jews? That’s funny. Gun control; even funnier. Good luck",Inappropriate,"They talk and talk and talk but before they ever accomplish anything they always have one bad 'ni * * er moment' and end up getting locked up.",Inappropriate
"1/2 mexican, 1/2 White babies can often pass for White until they turn six or seven when the golden brown coating covers all.","Let mother nature evolve these people naturally because no amount of money or aid is going to drag these 'things' into the civilized world where they serve absolutely no purpose.","There is no justification for killing as people indicate in this thread. The cops shot were innocent and shot just because they are cops. How many of the cops shot and killed might have already saved black lives?","#Antifa: Take note of how to protest with civility. This is why socialism (aka communism) will never win. It is inherently evil and unsustainable.","Great image of the Jew as a poisonous mushroom.","Great image of the Jew as a poisonous mushroom.",Inappropriate,"The best way to reduce abortions is to provide real sex education in the schools, coupled wth real female-centric birth control for all women of child-bearing age, yes this means your teenaged daghters as well..",Appropriate,"A woman's true place is in the care for her family and her husband. Keep them at home. That's the only way we can preserve our culture.",Inappropriate
"The number one problem in this country is the voters and their choices.","Nothing about white genocide is acceptable especially the fact that the mainstream media essentially denies it exist in the first place.","They talk and talk and talk but before they ever accomplish anything they always have one bad 'ni * * er moment' and end up getting locked up.","Yep I totally agree, the minute the Jew press see's the Klan outfits, that's all they will talk about, and justify the white murders.","So we have ox-driven ambulances in Zimbabwe and donkey powered police in South Africa ...","So we have ox-driven ambulances in Zimbabwe and donkey powered police in South Africa ...",Inappropriate,"Oh shut u. Most of black culture is making thugs and criminals famous. Remember Freddie Gray?",Inappropriate,"There is no justification for killing as people indicate in this thread. The cops shot were innocent and shot just because they are cops. How many of the cops shot and killed might have already saved black lives?",Appropriate
"So we have ox-driven ambulances in Zimbabwe and donkey powered police in South Africa ...","Racist a**hole","If I had a wife I’d beat the hell out of her tonight lol, jk.","I'm reporting here that I haven't seen or heard anything on talk radio or TV that even hints at Jewish supremacist ethnic cleansing of Whites from USA or Europe.","a cop is armed to protect himself!!!!!","a cop is armed to protect himself!!!!!",Appropriate,"It appears that if you are white in South Africa and you are about to be arrested, your fate is far worse than death.",Appropriate,"It's not about our disagreements with #Conservatives. Its that Conservatives can't debate honestly, and they have no integrity. Whatever gets them thru today, is all that matters to them. They're fundamentally dishonest people.",Appropriate
"Great image of the Jew as a poisonous mushroom.","There's something so gross and such an assault on the senses as the sound of an European romance language coming from the mouths of savages ! . .","I like to listen to this preacher, but why do black preachers always have to scream.","Let mother nature evolve these people naturally because no amount of money or aid is going to drag these 'things' into the civilized world where they serve absolutely no purpose.","Perfect Obama's dad born in Africa, Mitt Romney's dad born in Mexico. Any pure breeds left?","Perfect Obama's dad born in Africa, Mitt Romney's dad born in Mexico. Any pure breeds left?",Inappropriate,"She is unattractive both inside and out. I fully understand why her former husband left her for a man.",Appropriate,"Fifteen years on and they still blame white rule.",Inappropriate
"The number one problem in this country is the voters and their choices.","We are being played by our government and their media. They are creating the racial tension that leads to these events. Divide and conquer - and we are failing for it.","I think it’s time stupid Liberals move out of the 1950s and stop calling people black. Let’s be Americans instead.","Nothing about white genocide is acceptable especially the fact that the mainstream media essentially denies it exist in the first place.","They're trying to turn the Internet into a mirror version of television, in other words turn it into a wasteland of celebrity worship and wipe out all of it's potential as a medium for informing and educating.","They're trying to turn the Internet into a mirror version of television, in other words turn it into a wasteland of celebrity worship and wipe out all of it's potential as a medium for informing and educating.",Appropriate,"You do not like the Jewish people because you ALL claims they are holding all the money. Sound familiar? Your left wing libtard family is the family of the KKK. You do not hate Jews? That’s funny. Gun control; even funnier. Good luck",Inappropriate,"It is always about divide and conquer. If you look at the Golden Dawn pictures they usually have women around there.",Appropriate
"White or not, if people respect the law most of this wouldn't be happening.","Great image of the Jew as a poisonous mushroom.","Their gods often had pale skin and blue eyes but I suppose literacy isn't valued highly by their cultural intelligencia.","I think it’s time stupid Liberals move out of the 1950s and stop calling people black. Let’s be Americans instead.","The filthy cop-hating racist thugs of Black LIES Matter have turned the deep South into a cesspool of black racial hatred. They refuse to acknowedge how far the South has progressed since the 1960s.","The filthy cop-hating racist thugs of Black LIES Matter have turned the deep South into a cesspool of black racial hatred. They refuse to acknowedge how far the South has progressed since the 1960s.",Inappropriate,"There's something so gross and such an assault on the senses as the sound of an European romance language coming from the mouths of savages ! . .",Inappropriate,"If I had a wife I’d beat the hell out of her tonight lol, jk.",Inappropriate
"#Antifa: Take note of how to protest with civility. This is why socialism (aka communism) will never win. It is inherently evil and unsustainable.","A woman's true place is in the care for her family and her husband. Keep them at home. That's the only way we can preserve our culture.","The filthy cop-hating racist thugs of Black LIES Matter have turned the deep South into a cesspool of black racial hatred. They refuse to acknowedge how far the South has progressed since the 1960s.","I hate to sound sexist, but women shouldn't talk sports on tv. They were not made for these types of jobs.","Obama’s main goal as a black Muslim president was to recruit as many black people into the Muslim life style.... this will take years to undo unless we put a end to it.","Obama’s main goal as a black Muslim president was to recruit as many black people into the Muslim life style.... this will take years to undo unless we put a end to it.",Inappropriate,"Why is it considered a hate crime when a white kills a black, but these ambushing police are not called a hate crime and not called terrorist attacks. What is going on, people?",Appropriate,"It appears that if you are white in South Africa and you are about to be arrested, your fate is far worse than death.",Appropriate
"They talk and talk and talk but before they ever accomplish anything they always have one bad 'ni * * er moment' and end up getting locked up.","#Antifa: Take note of how to protest with civility. This is why socialism (aka communism) will never win. It is inherently evil and unsustainable.","Women and cows deserve the same respect in this country!","As the saying goes, you can take the ape out of the jungle, but you can't take the jungle out of the ape.","If I had a wife I’d beat the hell out of her tonight lol, jk.","If I had a wife I’d beat the hell out of her tonight lol, jk.",Inappropriate,"So we have ox-driven ambulances in Zimbabwe and donkey powered police in South Africa ...",Inappropriate,"Let mother nature evolve these people naturally because no amount of money or aid is going to drag these 'things' into the civilized world where they serve absolutely no purpose.",Inappropriate
"Women and cows deserve the same respect in this country!","I hate to sound sexist, but women shouldn't talk sports on tv. They were not made for these types of jobs.","1/2 mexican, 1/2 White babies can often pass for White until they turn six or seven when the golden brown coating covers all.","I like to listen to this preacher, but why do black preachers always have to scream.","When a woman says no, respect the answer but don't give up unless she says 'never'. If she says 'never' with a smirk, you still have a chance.","When a woman says no, respect the answer but don't give up unless she says 'never'. If she says 'never' with a smirk, you still have a chance.",Inappropriate,"Fifteen years on and they still blame white rule.",Inappropriate,"Wow, you're a truly terrible person.",Appropriate
"There's something so gross and such an assault on the senses as the sound of an European romance language coming from the mouths of savages ! . .","I think it’s time stupid Liberals move out of the 1950s and stop calling people black. Let’s be Americans instead.","#Antifa: Take note of how to protest with civility. This is why socialism (aka communism) will never win. It is inherently evil and unsustainable.","a cop is armed to protect himself!!!!!","White or not, if people respect the law most of this wouldn't be happening.","White or not, if people respect the law most of this wouldn't be happening.",Appropriate,"You do not like the Jewish people because you ALL claims they are holding all the money. Sound familiar? Your left wing libtard family is the family of the KKK. You do not hate Jews? That’s funny. Gun control; even funnier. Good luck",Inappropriate,"The best way to reduce abortions is to provide real sex education in the schools, coupled wth real female-centric birth control for all women of child-bearing age, yes this means your teenaged daghters as well..",Appropriate
"I think it’s time stupid Liberals move out of the 1950s and stop calling people black. Let’s be Americans instead.","The filthy cop-hating racist thugs of Black LIES Matter have turned the deep South into a cesspool of black racial hatred. They refuse to acknowedge how far the South has progressed since the 1960s.","I hate to sound sexist, but women shouldn't talk sports on tv. They were not made for these types of jobs.","I'm reporting here that I haven't seen or heard anything on talk radio or TV that even hints at Jewish supremacist ethnic cleansing of Whites from USA or Europe.","We are being played by our government and their media. They are creating the racial tension that leads to these events. Divide and conquer - and we are failing for it.","We are being played by our government and their media. They are creating the racial tension that leads to these events. Divide and conquer - and we are failing for it.",Appropriate,"A woman's true place is in the care for her family and her husband. Keep them at home. That's the only way we can preserve our culture.",Inappropriate,"There is no justification for killing as people indicate in this thread. The cops shot were innocent and shot just because they are cops. How many of the cops shot and killed might have already saved black lives?",Appropriate
"Obama’s main goal as a black Muslim president was to recruit as many black people into the Muslim life style.... this will take years to undo unless we put a end to it.","Their gods often had pale skin and blue eyes but I suppose literacy isn't valued highly by their cultural intelligencia.","I see a nation where I can walk out my front door and not feel like a minority in my own country.","It is always about divide and conquer. If you look at the Golden Dawn pictures they usually have women around there.","There's something so gross and such an assault on the senses as the sound of an European romance language coming from the mouths of savages ! . .","There's something so gross and such an assault on the senses as the sound of an European romance language coming from the mouths of savages ! . .",Inappropriate,"Section 377 needs to be followed. It enforces the law and the constitution! We cannot let these criminals run free. Capture them and keep them in a jail cell. That's where those animals belong.",Inappropriate,"I like to listen to this preacher, but why do black preachers always have to scream.",Appropriate
"There's something so gross and such an assault on the senses as the sound of an European romance language coming from the mouths of savages ! . .","It ain't right unless it's White.","Great image of the Jew as a poisonous mushroom.","If I were to punch a white guy talking sh*t in a bar, same old. If I were to punch a black guy talking sh*t in a bar, it automatically considered a hate crime. Case closed.","I hate to sound sexist, but women shouldn't talk sports on tv. They were not made for these types of jobs.","I hate to sound sexist, but women shouldn't talk sports on tv. They were not made for these types of jobs.",Inappropriate,"Wow, you're a truly terrible person.",Appropriate,"White or not, if people respect the law most of this wouldn't be happening.",Appropriate
"They talk and talk and talk but before they ever accomplish anything they always have one bad 'ni * * er moment' and end up getting locked up.","So we have ox-driven ambulances in Zimbabwe and donkey powered police in South Africa ...","All the jews I have ever known will do anything for money.","The best way to reduce abortions is to provide real sex education in the schools, coupled wth real female-centric birth control for all women of child-bearing age, yes this means your teenaged daghters as well..","I think it’s time stupid Liberals move out of the 1950s and stop calling people black. Let’s be Americans instead.","I think it’s time stupid Liberals move out of the 1950s and stop calling people black. Let’s be Americans instead.",Appropriate,"It is always about divide and conquer. If you look at the Golden Dawn pictures they usually have women around there.",Appropriate,"When a woman says no, respect the answer but don't give up unless she says 'never'. If she says 'never' with a smirk, you still have a chance.",Inappropriate
"I hate to sound sexist, but women shouldn't talk sports on tv. They were not made for these types of jobs.","Their gods often had pale skin and blue eyes but I suppose literacy isn't valued highly by their cultural intelligencia.","The filthy cop-hating racist thugs of Black LIES Matter have turned the deep South into a cesspool of black racial hatred. They refuse to acknowedge how far the South has progressed since the 1960s.","It's not about our disagreements with #Conservatives. Its that Conservatives can't debate honestly, and they have no integrity. Whatever gets them thru today, is all that matters to them. They're fundamentally dishonest people.","The best way to reduce abortions is to provide real sex education in the schools, coupled wth real female-centric birth control for all women of child-bearing age, yes this means your teenaged daghters as well..","The best way to reduce abortions is to provide real sex education in the schools, coupled wth real female-centric birth control for all women of child-bearing age, yes this means your teenaged daghters as well..",Appropriate,"As the saying goes, you can take the ape out of the jungle, but you can't take the jungle out of the ape.",Inappropriate,"It ain't right unless it's White.",Inappropriate
"It appears that if you are white in South Africa and you are about to be arrested, your fate is far worse than death.","When a woman says no, respect the answer but don't give up unless she says 'never'. If she says 'never' with a smirk, you still have a chance.","White or not, if people respect the law most of this wouldn't be happening.","If I were to punch a white guy talking sh*t in a bar, same old. If I were to punch a black guy talking sh*t in a bar, it automatically considered a hate crime. Case closed.","You do not like the Jewish people because you ALL claims they are holding all the money. Sound familiar? Your left wing libtard family is the family of the KKK. You do not hate Jews? That’s funny. Gun control; even funnier. Good luck","You do not like the Jewish people because you ALL claims they are holding all the money. Sound familiar? Your left wing libtard family is the family of the KKK. You do not hate Jews? That’s funny. Gun control; even funnier. Good luck",Inappropriate,"She is unattractive both inside and out. I fully understand why her former husband left her for a man.",Appropriate,"This is where we are at as a nation? All the hate should go towards the Government. They are the reason we are where we are at as a nation.",Appropriate
"St. Patty's day weekend is like Christmas for black dudes who like white chicks. Happy holidays boys.","I hate to sound sexist, but women shouldn't talk sports on tv. They were not made for these types of jobs.","Racist a**hole","There is no justification for killing as people indicate in this thread. The cops shot were innocent and shot just because they are cops. How many of the cops shot and killed might have already saved black lives?","Oh shut u. Most of black culture is making thugs and criminals famous. Remember Freddie Gray?","Oh shut u. Most of black culture is making thugs and criminals famous. Remember Freddie Gray?",Inappropriate,"This is where we are at as a nation? All the hate should go towards the Government. They are the reason we are where we are at as a nation.",Appropriate,"She is unattractive both inside and out. I fully understand why her former husband left her for a man.",Appropriate
"White or not, if people respect the law most of this wouldn't be happening.","Perfect Obama's dad born in Africa, Mitt Romney's dad born in Mexico. Any pure breeds left?","St. Patty's day weekend is like Christmas for black dudes who like white chicks. Happy holidays boys.","It ain't right unless it's White.","They talk and talk and talk but before they ever accomplish anything they always have one bad 'ni * * er moment' and end up getting locked up.","They talk and talk and talk but before they ever accomplish anything they always have one bad 'ni * * er moment' and end up getting locked up.",Inappropriate,"Why is it considered a hate crime when a white kills a black, but these ambushing police are not called a hate crime and not called terrorist attacks. What is going on, people?",Appropriate,"I see a nation where I can walk out my front door and not feel like a minority in my own country.",Inappropriate
"They're trying to turn the Internet into a mirror version of television, in other words turn it into a wasteland of celebrity worship and wipe out all of it's potential as a medium for informing and educating.","They talk and talk and talk but before they ever accomplish anything they always have one bad 'ni * * er moment' and end up getting locked up.","You do not like the Jewish people because you ALL claims they are holding all the money. Sound familiar? Your left wing libtard family is the family of the KKK. You do not hate Jews? That’s funny. Gun control; even funnier. Good luck","When a woman says no, respect the answer but don't give up unless she says 'never'. If she says 'never' with a smirk, you still have a chance.","It's not about our disagreements with #Conservatives. Its that Conservatives can't debate honestly, and they have no integrity. Whatever gets them thru today, is all that matters to them. They're fundamentally dishonest people.","It's not about our disagreements with #Conservatives. Its that Conservatives can't debate honestly, and they have no integrity. Whatever gets them thru today, is all that matters to them. They're fundamentally dishonest people.",Appropriate,"Their gods often had pale skin and blue eyes but I suppose literacy isn't valued highly by their cultural intelligencia.",Inappropriate,"Why is it considered a hate crime when a white kills a black, but these ambushing police are not called a hate crime and not called terrorist attacks. What is going on, people?",Appropriate
"1/2 mexican, 1/2 White babies can often pass for White until they turn six or seven when the golden brown coating covers all.","St. Patty's day weekend is like Christmas for black dudes who like white chicks. Happy holidays boys.","I hate to sound sexist, but women shouldn't talk sports on tv. They were not made for these types of jobs.","It is always about divide and conquer. If you look at the Golden Dawn pictures they usually have women around there.","The best way to reduce abortions is to provide real sex education in the schools, coupled wth real female-centric birth control for all women of child-bearing age, yes this means your teenaged daghters as well..","The best way to reduce abortions is to provide real sex education in the schools, coupled wth real female-centric birth control for all women of child-bearing age, yes this means your teenaged daghters as well..",Appropriate,"Yep I totally agree, the minute the Jew press see's the Klan outfits, that's all they will talk about, and justify the white murders.",Inappropriate,"If I were to punch a white guy talking sh*t in a bar, same old. If I were to punch a black guy talking sh*t in a bar, it automatically considered a hate crime. Case closed.",Appropriate
"You do not like the Jewish people because you ALL claims they are holding all the money. Sound familiar? Your left wing libtard family is the family of the KKK. You do not hate Jews? That’s funny. Gun control; even funnier. Good luck","I hate to sound sexist, but women shouldn't talk sports on tv. They were not made for these types of jobs.","The filthy cop-hating racist thugs of Black LIES Matter have turned the deep South into a cesspool of black racial hatred. They refuse to acknowedge how far the South has progressed since the 1960s.","If I were to punch a white guy talking sh*t in a bar, same old. If I were to punch a black guy talking sh*t in a bar, it automatically considered a hate crime. Case closed.","Racist a**hole","Racist a**hole",Inappropriate,"She is unattractive both inside and out. I fully understand why her former husband left her for a man.",Appropriate,"St. Patty's day weekend is like Christmas for black dudes who like white chicks. Happy holidays boys.",Appropriate
"Oh shut u. Most of black culture is making thugs and criminals famous. Remember Freddie Gray?","The best way to reduce abortions is to provide real sex education in the schools, coupled wth real female-centric birth control for all women of child-bearing age, yes this means your teenaged daghters as well..","When a woman says no, respect the answer but don't give up unless she says 'never'. If she says 'never' with a smirk, you still have a chance.","I see a nation where I can walk out my front door and not feel like a minority in my own country.","Perfect Obama's dad born in Africa, Mitt Romney's dad born in Mexico. Any pure breeds left?","Perfect Obama's dad born in Africa, Mitt Romney's dad born in Mexico. Any pure breeds left?",Inappropriate,"We are being played by our government and their media. They are creating the racial tension that leads to these events. Divide and conquer - and we are failing for it.",Appropriate,"Nothing about white genocide is acceptable especially the fact that the mainstream media essentially denies it exist in the first place.",Appropriate
"St. Patty's day weekend is like Christmas for black dudes who like white chicks. Happy holidays boys.","The filthy cop-hating racist thugs of Black LIES Matter have turned the deep South into a cesspool of black racial hatred. They refuse to acknowedge how far the South has progressed since the 1960s.","Section 377 needs to be followed. It enforces the law and the constitution! We cannot let these criminals run free. Capture them and keep them in a jail cell. That's where those animals belong.","Racist a**hole","I'm reporting here that I haven't seen or heard anything on talk radio or TV that even hints at Jewish supremacist ethnic cleansing of Whites from USA or Europe.","I'm reporting here that I haven't seen or heard anything on talk radio or TV that even hints at Jewish supremacist ethnic cleansing of Whites from USA or Europe.",Inappropriate,"You do not like the Jewish people because you ALL claims they are holding all the money. Sound familiar? Your left wing libtard family is the family of the KKK. You do not hate Jews? That’s funny. Gun control; even funnier. Good luck",Inappropriate,"I hate to sound sexist, but women shouldn't talk sports on tv. They were not made for these types of jobs.",Inappropriate
"The number one problem in this country is the voters and their choices.","Section 377 needs to be followed. It enforces the law and the constitution! We cannot let these criminals run free. Capture them and keep them in a jail cell. That's where those animals belong.","a cop is armed to protect himself!!!!!","A woman's true place is in the care for her family and her husband. Keep them at home. That's the only way we can preserve our culture.","Why is it considered a hate crime when a white kills a black, but these ambushing police are not called a hate crime and not called terrorist attacks. What is going on, people?","Why is it considered a hate crime when a white kills a black, but these ambushing police are not called a hate crime and not called terrorist attacks. What is going on, people?",Appropriate,"Nothing about white genocide is acceptable especially the fact that the mainstream media essentially denies it exist in the first place.",Appropriate,"If I had a wife I’d beat the hell out of her tonight lol, jk.",Inappropriate
"I like to listen to this preacher, but why do black preachers always have to scream.","I'm reporting here that I haven't seen or heard anything on talk radio or TV that even hints at Jewish supremacist ethnic cleansing of Whites from USA or Europe.","Yep I totally agree, the minute the Jew press see's the Klan outfits, that's all they will talk about, and justify the white murders.","The number one problem in this country is the voters and their choices.","Why is it considered a hate crime when a white kills a black, but these ambushing police are not called a hate crime and not called terrorist attacks. What is going on, people?","Why is it considered a hate crime when a white kills a black, but these ambushing police are not called a hate crime and not called terrorist attacks. What is going on, people?",Appropriate,"If I were to punch a white guy talking sh*t in a bar, same old. If I were to punch a black guy talking sh*t in a bar, it automatically considered a hate crime. Case closed.",Appropriate,"Their gods often had pale skin and blue eyes but I suppose literacy isn't valued highly by their cultural intelligencia.",Inappropriate
"Why is it considered a hate crime when a white kills a black, but these ambushing police are not called a hate crime and not called terrorist attacks. What is going on, people?","Their gods often had pale skin and blue eyes but I suppose literacy isn't valued highly by their cultural intelligencia.","So we have ox-driven ambulances in Zimbabwe and donkey powered police in South Africa ...","A woman's true place is in the care for her family and her husband. Keep them at home. That's the only way we can preserve our culture.","All the jews I have ever known will do anything for money.","All the jews I have ever known will do anything for money.",Appropriate,"White or not, if people respect the law most of this wouldn't be happening.",Appropriate,"a cop is armed to protect himself!!!!!",Appropriate
"Fifteen years on and they still blame white rule.","Racist a**hole","A woman's true place is in the care for her family and her husband. Keep them at home. That's the only way we can preserve our culture.","This is where we are at as a nation? All the hate should go towards the Government. They are the reason we are where we are at as a nation.","They talk and talk and talk but before they ever accomplish anything they always have one bad 'ni * * er moment' and end up getting locked up.","They talk and talk and talk but before they ever accomplish anything they always have one bad 'ni * * er moment' and end up getting locked up.",Inappropriate,"So we have ox-driven ambulances in Zimbabwe and donkey powered police in South Africa ...",Inappropriate,"I hate to sound sexist, but women shouldn't talk sports on tv. They were not made for these types of jobs.",Inappropriate
"Oh shut u. Most of black culture is making thugs and criminals famous. Remember Freddie Gray?","A woman's true place is in the care for her family and her husband. Keep them at home. That's the only way we can preserve our culture.","It ain't right unless it's White.","This is where we are at as a nation? All the hate should go towards the Government. They are the reason we are where we are at as a nation.","I'm reporting here that I haven't seen or heard anything on talk radio or TV that even hints at Jewish supremacist ethnic cleansing of Whites from USA or Europe.","I'm reporting here that I haven't seen or heard anything on talk radio or TV that even hints at Jewish supremacist ethnic cleansing of Whites from USA or Europe.",Inappropriate,"If I were to punch a white guy talking sh*t in a bar, same old. If I were to punch a black guy talking sh*t in a bar, it automatically considered a hate crime. Case closed.",Appropriate,"I like to listen to this preacher, but why do black preachers always have to scream.",Appropriate
"When a woman says no, respect the answer but don't give up unless she says 'never'. If she says 'never' with a smirk, you still have a chance.","It is always about divide and conquer. If you look at the Golden Dawn pictures they usually have women around there.","Their gods often had pale skin and blue eyes but I suppose literacy isn't valued highly by their cultural intelligencia.","The number one problem in this country is the voters and their choices.","Oh shut u. Most of black culture is making thugs and criminals famous. Remember Freddie Gray?","Oh shut u. Most of black culture is making thugs and criminals famous. Remember Freddie Gray?",Inappropriate,"You do not like the Jewish people because you ALL claims they are holding all the money. Sound familiar? Your left wing libtard family is the family of the KKK. You do not hate Jews? That’s funny. Gun control; even funnier. Good luck",Inappropriate,"Yep I totally agree, the minute the Jew press see's the Klan outfits, that's all they will talk about, and justify the white murders.",Inappropriate
"The filthy cop-hating racist thugs of Black LIES Matter have turned the deep South into a cesspool of black racial hatred. They refuse to acknowedge how far the South has progressed since the 1960s.","Why is it considered a hate crime when a white kills a black, but these ambushing police are not called a hate crime and not called terrorist attacks. What is going on, people?","Oh shut u. Most of black culture is making thugs and criminals famous. Remember Freddie Gray?","Fifteen years on and they still blame white rule.","This is where we are at as a nation? All the hate should go towards the Government. They are the reason we are where we are at as a nation.","This is where we are at as a nation? All the hate should go towards the Government. They are the reason we are where we are at as a nation.",Appropriate,"White or not, if people respect the law most of this wouldn't be happening.",Appropriate,"I think it’s time stupid Liberals move out of the 1950s and stop calling people black. Let’s be Americans instead.",Appropriate
"Perfect Obama's dad born in Africa, Mitt Romney's dad born in Mexico. Any pure breeds left?","This is where we are at as a nation? All the hate should go towards the Government. They are the reason we are where we are at as a nation.","When a woman says no, respect the answer but don't give up unless she says 'never'. If she says 'never' with a smirk, you still have a chance.","I'm reporting here that I haven't seen or heard anything on talk radio or TV that even hints at Jewish supremacist ethnic cleansing of Whites from USA or Europe.","1/2 mexican, 1/2 White babies can often pass for White until they turn six or seven when the golden brown coating covers all.","1/2 mexican, 1/2 White babies can often pass for White until they turn six or seven when the golden brown coating covers all.",Inappropriate,"It is always about divide and conquer. If you look at the Golden Dawn pictures they usually have women around there.",Appropriate,"I think it’s time stupid Liberals move out of the 1950s and stop calling people black. Let’s be Americans instead.",Appropriate
"Perfect Obama's dad born in Africa, Mitt Romney's dad born in Mexico. Any pure breeds left?","Racist a**hole","All the jews I have ever known will do anything for money.","It ain't right unless it's White.","Why is it considered a hate crime when a white kills a black, but these ambushing police are not called a hate crime and not called terrorist attacks. What is going on, people?","Why is it considered a hate crime when a white kills a black, but these ambushing police are not called a hate crime and not called terrorist attacks. What is going on, people?",Appropriate,"I like to listen to this preacher, but why do black preachers always have to scream.",Appropriate,"It's not about our disagreements with #Conservatives. Its that Conservatives can't debate honestly, and they have no integrity. Whatever gets them thru today, is all that matters to them. They're fundamentally dishonest people.",Appropriate
"Fifteen years on and they still blame white rule.","Why is it considered a hate crime when a white kills a black, but these ambushing police are not called a hate crime and not called terrorist attacks. What is going on, people?","I'm reporting here that I haven't seen or heard anything on talk radio or TV that even hints at Jewish supremacist ethnic cleansing of Whites from USA or Europe.","Oh shut u. Most of black culture is making thugs and criminals famous. Remember Freddie Gray?","Perfect Obama's dad born in Africa, Mitt Romney's dad born in Mexico. Any pure breeds left?","Perfect Obama's dad born in Africa, Mitt Romney's dad born in Mexico. Any pure breeds left?",Inappropriate,"I hate to sound sexist, but women shouldn't talk sports on tv. They were not made for these types of jobs.",Inappropriate,"It ain't right unless it's White.",Inappropriate
"All the jews I have ever known will do anything for money.","Fifteen years on and they still blame white rule.","Perfect Obama's dad born in Africa, Mitt Romney's dad born in Mexico. Any pure breeds left?","The number one problem in this country is the voters and their choices.","This is where we are at as a nation? All the hate should go towards the Government. They are the reason we are where we are at as a nation.","This is where we are at as a nation? All the hate should go towards the Government. They are the reason we are where we are at as a nation.",Appropriate,"If I were to punch a white guy talking sh*t in a bar, same old. If I were to punch a black guy talking sh*t in a bar, it automatically considered a hate crime. Case closed.",Appropriate,"Wow, you're a truly terrible person.",Appropriate
